{"protocol_version":"1.0","version":"1.1.2","name":"DiamondMVC","description":"This is the system you are currently working with! The Linux of web server operating systems, DiamondMVC is designed as a developer's scaffolding.","author":"Zyr @ Wings of Dragons","copyright":"Copyright &copy; Wings of Dragons 2015. Copyright &copy; contributors 2015","license":"MIT License","distUrl":"http://diamondmvc.wings-of-dragons.com/","updateUrl":"http://dl.wings-of-dragons.com/diamondmvc/1.1.2/update.json","files":["assets","assets/bootstrap","assets/bootstrap/css","assets/bootstrap/css/bootstrap-theme.css","assets/bootstrap/css/bootstrap-theme.css.map","assets/bootstrap/css/bootstrap-theme.min.css","assets/bootstrap/css/bootstrap.css","assets/bootstrap/css/bootstrap.css.map","assets/bootstrap/css/bootstrap.min.css","assets/bootstrap/fonts","assets/bootstrap/fonts/glyphicons-halflings-regular.eot","assets/bootstrap/fonts/glyphicons-halflings-regular.svg","assets/bootstrap/fonts/glyphicons-halflings-regular.ttf","assets/bootstrap/fonts/glyphicons-halflings-regular.woff","assets/bootstrap/fonts/glyphicons-halflings-regular.woff2","assets/bootstrap/js","assets/bootstrap/js/bootstrap.js","assets/bootstrap/js/bootstrap.min.js","assets/bootstrap/js/npm.js","assets/diamondmvc","assets/diamondmvc.js","assets/diamondmvc/css","assets/diamondmvc/css/dropzone.css","assets/diamondmvc/jquery.easing.js","assets/dropzone","assets/dropzone/basic.min.css","assets/dropzone/dropzone-amd-module.min.js","assets/dropzone/dropzone.min.css","assets/dropzone/dropzone.min.js","assets/font-awesome","assets/font-awesome/css","assets/font-awesome/css/font-awesome.css","assets/font-awesome/css/font-awesome.min.css","assets/font-awesome/fonts","assets/font-awesome/fonts/fontawesome-webfont.eot","assets/font-awesome/fonts/fontawesome-webfont.svg","assets/font-awesome/fonts/fontawesome-webfont.ttf","assets/font-awesome/fonts/fontawesome-webfont.woff","assets/font-awesome/fonts/fontawesome-webfont.woff2","assets/font-awesome/fonts/FontAwesome.otf","assets/font-awesome/less","assets/font-awesome/less/animated.less","assets/font-awesome/less/bordered-pulled.less","assets/font-awesome/less/core.less","assets/font-awesome/less/fixed-width.less","assets/font-awesome/less/font-awesome.less","assets/font-awesome/less/icons.less","assets/font-awesome/less/larger.less","assets/font-awesome/less/list.less","assets/font-awesome/less/mixins.less","assets/font-awesome/less/path.less","assets/font-awesome/less/rotated-flipped.less","assets/font-awesome/less/stacked.less","assets/font-awesome/less/variables.less","assets/font-awesome/scss","assets/font-awesome/scss/_animated.scss","assets/font-awesome/scss/_bordered-pulled.scss","assets/font-awesome/scss/_core.scss","assets/font-awesome/scss/_fixed-width.scss","assets/font-awesome/scss/_icons.scss","assets/font-awesome/scss/_larger.scss","assets/font-awesome/scss/_list.scss","assets/font-awesome/scss/_mixins.scss","assets/font-awesome/scss/_path.scss","assets/font-awesome/scss/_rotated-flipped.scss","assets/font-awesome/scss/_stacked.scss","assets/font-awesome/scss/_variables.scss","assets/font-awesome/scss/font-awesome.scss","assets/images","assets/images/header.png","assets/images/sapphire.png","assets/jquery","assets/jquery/bower.json","assets/jquery/dist","assets/jquery/dist/jquery.js","assets/jquery/dist/jquery.min.js","assets/jquery/dist/jquery.min.map","assets/jquery/MIT-LICENSE.txt","assets/jquery/src","assets/jquery/src/ajax","assets/jquery/src/ajax.js","assets/jquery/src/ajax/jsonp.js","assets/jquery/src/ajax/load.js","assets/jquery/src/ajax/parseJSON.js","assets/jquery/src/ajax/parseXML.js","assets/jquery/src/ajax/script.js","assets/jquery/src/ajax/var","assets/jquery/src/ajax/var/nonce.js","assets/jquery/src/ajax/var/rquery.js","assets/jquery/src/ajax/xhr.js","assets/jquery/src/attributes","assets/jquery/src/attributes.js","assets/jquery/src/attributes/attr.js","assets/jquery/src/attributes/classes.js","assets/jquery/src/attributes/prop.js","assets/jquery/src/attributes/support.js","assets/jquery/src/attributes/val.js","assets/jquery/src/callbacks.js","assets/jquery/src/core","assets/jquery/src/core.js","assets/jquery/src/core/access.js","assets/jquery/src/core/init.js","assets/jquery/src/core/parseHTML.js","assets/jquery/src/core/ready.js","assets/jquery/src/core/var","assets/jquery/src/core/var/rsingleTag.js","assets/jquery/src/css","assets/jquery/src/css.js","assets/jquery/src/css/addGetHookIf.js","assets/jquery/src/css/curCSS.js","assets/jquery/src/css/defaultDisplay.js","assets/jquery/src/css/hiddenVisibleSelectors.js","assets/jquery/src/css/support.js","assets/jquery/src/css/swap.js","assets/jquery/src/css/var","assets/jquery/src/css/var/cssExpand.js","assets/jquery/src/css/var/getStyles.js","assets/jquery/src/css/var/isHidden.js","assets/jquery/src/css/var/rmargin.js","assets/jquery/src/css/var/rnumnonpx.js","assets/jquery/src/data","assets/jquery/src/data.js","assets/jquery/src/data/accepts.js","assets/jquery/src/data/Data.js","assets/jquery/src/data/var","assets/jquery/src/data/var/data_priv.js","assets/jquery/src/data/var/data_user.js","assets/jquery/src/deferred.js","assets/jquery/src/deprecated.js","assets/jquery/src/dimensions.js","assets/jquery/src/effects","assets/jquery/src/effects.js","assets/jquery/src/effects/animatedSelector.js","assets/jquery/src/effects/Tween.js","assets/jquery/src/event","assets/jquery/src/event.js","assets/jquery/src/event/ajax.js","assets/jquery/src/event/alias.js","assets/jquery/src/event/support.js","assets/jquery/src/exports","assets/jquery/src/exports/amd.js","assets/jquery/src/exports/global.js","assets/jquery/src/intro.js","assets/jquery/src/jquery.js","assets/jquery/src/manipulation","assets/jquery/src/manipulation.js","assets/jquery/src/manipulation/_evalUrl.js","assets/jquery/src/manipulation/support.js","assets/jquery/src/manipulation/var","assets/jquery/src/manipulation/var/rcheckableType.js","assets/jquery/src/offset.js","assets/jquery/src/outro.js","assets/jquery/src/queue","assets/jquery/src/queue.js","assets/jquery/src/queue/delay.js","assets/jquery/src/selector-native.js","assets/jquery/src/selector-sizzle.js","assets/jquery/src/selector.js","assets/jquery/src/serialize.js","assets/jquery/src/sizzle","assets/jquery/src/sizzle/dist","assets/jquery/src/sizzle/dist/sizzle.js","assets/jquery/src/sizzle/dist/sizzle.min.js","assets/jquery/src/sizzle/dist/sizzle.min.map","assets/jquery/src/traversing","assets/jquery/src/traversing.js","assets/jquery/src/traversing/findFilter.js","assets/jquery/src/traversing/var","assets/jquery/src/traversing/var/rneedsContext.js","assets/jquery/src/var","assets/jquery/src/var/arr.js","assets/jquery/src/var/class2type.js","assets/jquery/src/var/concat.js","assets/jquery/src/var/hasOwn.js","assets/jquery/src/var/indexOf.js","assets/jquery/src/var/pnum.js","assets/jquery/src/var/push.js","assets/jquery/src/var/rnotwhite.js","assets/jquery/src/var/slice.js","assets/jquery/src/var/strundefined.js","assets/jquery/src/var/support.js","assets/jquery/src/var/toString.js","assets/jquery/src/wrap.js","assets/less","assets/less/sizes.css","assets/less/sizes.css.map","assets/less/sizes.less","assets/microplugin","assets/microplugin/bower.json","assets/microplugin/package.json","assets/microplugin/README.md","assets/microplugin/src","assets/microplugin/src/microplugin.js","assets/Parsedown.php","assets/phpQuery-onefile.php","assets/require.js","assets/selectize","assets/selectize/bower.json","assets/selectize/dist","assets/selectize/dist/css","assets/selectize/dist/css/selectize.bootstrap2.css","assets/selectize/dist/css/selectize.bootstrap3.css","assets/selectize/dist/css/selectize.css","assets/selectize/dist/css/selectize.default.css","assets/selectize/dist/css/selectize.legacy.css","assets/selectize/dist/js","assets/selectize/dist/js/selectize.js","assets/selectize/dist/js/selectize.min.js","assets/selectize/dist/js/standalone","assets/selectize/dist/js/standalone/selectize.js","assets/selectize/dist/js/standalone/selectize.min.js","assets/selectize/dist/less","assets/selectize/dist/less/plugins","assets/selectize/dist/less/plugins/drag_drop.less","assets/selectize/dist/less/plugins/dropdown_header.less","assets/selectize/dist/less/plugins/optgroup_columns.less","assets/selectize/dist/less/plugins/remove_button.less","assets/selectize/dist/less/selectize.bootstrap2.less","assets/selectize/dist/less/selectize.bootstrap3.less","assets/selectize/dist/less/selectize.default.less","assets/selectize/dist/less/selectize.legacy.less","assets/selectize/dist/less/selectize.less","assets/selectize/karma.conf.js","assets/selectize/LICENSE","assets/selectize/README.md","assets/sifter","assets/sifter/bower.json","assets/sifter/package.json","assets/sifter/README.md","assets/sifter/sifter.js","assets/sifter/sifter.min.js","classes","classes/events","classes/events/render.php","classes/events/systemaction.php","classes/events/systembeforeroute.php","classes/events/upload.php","classes/fields","classes/fields/fulltext.php","classes/fields/searchbox.php","classes/fields/textbox.php","classes/libs","classes/libs/events.php","classes/libs/fields.php","controllers","controllers/docs.php","controllers/error.php","controllers/filebrowser.php","controllers/frontpage.php","controllers/install.php","controllers/installation_helper.php","controllers/login.php","controllers/system.php","controllers/test.php","controllers/upload.php","exceptions","exceptions/BaseException.php","exceptions/FileNotFoundException.php","exceptions/IllegalStateException.php","exceptions/InstallationException.php","exceptions/LanguageNotFoundException.php","exceptions/MalformedCharacterRangeException.php","exceptions/UnsupportedOperationException.php","exceptions/ZipException.php","exceptions/ZipOpenException.php","exceptions/ZipReadException.php","lang","lang/diamondmvc-backend.en.ini.php","lang/diamondmvc.en.ini.php","lib","lib/autoload.php","lib/class_cache.php","lib/class_controller.php","lib/class_database.php","lib/class_diamondmvc.php","lib/class_event.php","lib/class_field.php","lib/class_formbuilder.php","lib/class_i18n.php","lib/class_inigenerator.php","lib/class_installation.php","lib/class_installationmanager.php","lib/class_join.php","lib/class_model.php","lib/class_module.php","lib/class_permission.php","lib/class_permissions.php","lib/class_plugin.php","lib/class_profiler.php","lib/class_snippet.php","lib/class_template.php","lib/class_version.php","lib/class_view.php","lib/fns.php","models","models/row.php","models/system.php","models/table.php","models/user.php","modules","modules/navbar","modules/navbar/navbar.php","modules/navigation","modules/navigation/css","modules/navigation/css/navigation.css","modules/navigation/css/navigation.css.map","modules/navigation/css/navigation.less","modules/navigation/item.php","modules/navigation/js","modules/navigation/js/navbar.js","modules/navigation/link.php","modules/navigation/navigation.php","modules/navigation/separator.php","modules/navigation/sub.php","modules/navigation/templates","modules/navigation/templates/default.php","modules/navigation/templates/long.php","modules/navigation/templates/mobile.php","modules/navigation/templates/navbar.php","modules/navigation/title.php","plugins","plugins/errortpl","plugins/errortpl/errortpl.php","plugins/fields","plugins/fields/fields.php","plugins/frontpagetpl","plugins/frontpagetpl/frontpagetpl.php","plugins/menus","plugins/menus/menus.php","plugins/uploadextension","plugins/uploadextension/uploadextension.php","registry","registry/diamondmvc.json","registry/FCrQc4GaBbi5OzqryK7A.json","templates","templates/default","templates/default/css","templates/default/css/default.css","templates/default/css/default.css.map","templates/default/css/default.less","templates/default/index.php","templates/default/js","templates/default/js/client.js","templates/error","templates/error/css","templates/error/css/error.css","templates/error/css/error.css.map","templates/error/css/error.less","templates/error/index.php","templates/frontpage","templates/frontpage/css","templates/frontpage/css/frontpage.css","templates/frontpage/css/frontpage.css.map","templates/frontpage/css/frontpage.less","templates/frontpage/index.php","tmp","unittest","unittest/config.ini.php","unittest/config.php","unittest/inigenerator.php","unittest/versioning.php","uploads","uploads/foobar","uploads/foobar/bar.txt","uploads/test","uploads/test.zip","uploads/test/bar.txt","uploads/test/foo.txt","uploads/test/meta.json","uploads/test/onbeforeinstall.php","uploads/test/update.json","uploads/update.zip","views","views/docs","views/docs/templates","views/docs/templates/css","views/docs/templates/css/docs.css","views/docs/templates/css/docs.css.map","views/docs/templates/css/docs.less","views/docs/templates/default.php","views/docs/templates/getting_started.php","views/error","views/error/templates","views/error/templates/default.php","views/filebrowser","views/filebrowser/templates","views/filebrowser/templates/css","views/filebrowser/templates/css/filebrowser.css","views/filebrowser/templates/css/filebrowser.css.map","views/filebrowser/templates/css/filebrowser.less","views/filebrowser/templates/default.php","views/filebrowser/templates/js","views/filebrowser/templates/js/filebrowser.js","views/frontpage","views/frontpage/templates","views/frontpage/templates/default.php","views/login","views/login/templates","views/login/templates/default.php","views/login/templates/logout.php","views/system","views/system/templates","views/system/templates/css","views/system/templates/css/installation.css","views/system/templates/css/installation.css.map","views/system/templates/css/installation.less","views/system/templates/css/view-installations.css","views/system/templates/css/view-installations.css.map","views/system/templates/css/view-installations.less","views/system/templates/default.php","views/system/templates/install.php","views/system/templates/installation.php","views/system/templates/installations.php","views/system/templates/js","views/system/templates/js/install.js","views/system/templates/js/installations.js","views/system/templates/permissions.php","views/system/templates/plugins.php","views/system/templates/uninstall.php","views/system/templates/update.php","views/system/templates/users.php","views/test","views/test/templates","views/test/templates/default.php","views/test/templates/temporary.php","assets","bar.txt","build","classes","config.php","controllers","exceptions","index.php","ini.php","lang","lib","logs","models","modules","plugins","project.sublime-project","project.sublime-workspace","registry","templates","tmp","unittest","uploads","views",".htaccess","lib/.htaccess","logs/.htaccess","registry/.htaccess","tmp/.htaccess","uploads/.htaccess"]}